{"cameraMode":{"drawMode":0,"name":"Shaded","section":"Shading Mode"},"sceneLighting":true,"audioPlay":false,"sceneViewState":{"showFog":true,"showMaterialUpdate":false,"showSkybox":true,"showFlares":true,"showImageEffects":true,"showParticleSystems":true},"in2DMode":false,"pivot":{"x":0.40664196014404299,"y":1.1693134307861329,"z":1.544262409210205},"rotation":{"x":-0.23558080196380616,"y":0.47062453627586367,"z":-0.1317884922027588,"w":-0.8401086330413818},"size":16.30272102355957,"orthographic":false}