{"cameraMode":{"drawMode":0,"name":"Shaded","section":"Shading Mode"},"sceneLighting":true,"audioPlay":false,"sceneViewState":{"showFog":true,"showMaterialUpdate":false,"showSkybox":true,"showFlares":true,"showImageEffects":true,"showParticleSystems":true},"in2DMode":false,"pivot":{"x":-11.318901062011719,"y":-21.067745208740236,"z":84.43268585205078},"rotation":{"x":-0.15546448528766633,"y":0.7079086303710938,"z":-0.16449084877967835,"w":-0.6690691113471985},"size":83.19879150390625,"orthographic":false}