{"cameraMode":{"drawMode":0,"name":"Shaded","section":"Shading Mode"},"sceneLighting":true,"audioPlay":false,"sceneViewState":{"showFog":true,"showMaterialUpdate":false,"showSkybox":true,"showFlares":true,"showImageEffects":true,"showParticleSystems":true},"in2DMode":false,"pivot":{"x":8.883893966674805,"y":3.1951422691345217,"z":25.80682945251465},"rotation":{"x":0.003289090236648917,"y":0.11704620718955994,"z":-0.00037060416070744395,"w":0.9931513667106628},"size":35.49435043334961,"orthographic":false}