{"cameraMode":{"drawMode":0,"name":"Shaded","section":"Shading Mode"},"sceneLighting":true,"audioPlay":false,"sceneViewState":{"showFog":true,"showMaterialUpdate":false,"showSkybox":true,"showFlares":true,"showImageEffects":true,"showParticleSystems":true},"in2DMode":false,"pivot":{"x":-11.667245864868164,"y":8.376258850097657,"z":54.72419738769531},"rotation":{"x":-0.4657767713069916,"y":0.503545343875885,"z":-0.37497225403785708,"w":-0.6239103674888611},"size":29.52157211303711,"orthographic":false}