{"cameraMode":{"drawMode":0,"name":"Shaded","section":"Shading Mode"},"sceneLighting":true,"audioPlay":false,"sceneViewState":{"showFog":true,"showMaterialUpdate":false,"showSkybox":true,"showFlares":true,"showImageEffects":true,"showParticleSystems":true},"in2DMode":false,"pivot":{"x":0.42919421195983889,"y":0.2673637866973877,"z":0.14353668689727784},"rotation":{"x":-0.0015356718795374036,"y":0.820233941078186,"z":0.0022088922560214998,"w":0.5720388293266296},"size":8.108888626098633,"orthographic":false}