{"cameraMode":{"drawMode":0,"name":"Shaded","section":"Shading Mode"},"sceneLighting":false,"audioPlay":false,"sceneViewState":{"showFog":true,"showMaterialUpdate":false,"showSkybox":false,"showFlares":true,"showImageEffects":true,"showParticleSystems":true},"in2DMode":false,"pivot":{"x":4.380048751831055,"y":0.9702863693237305,"z":-17.59664535522461},"rotation":{"x":-0.01078768353909254,"y":0.0635518729686737,"z":-0.0006854846142232418,"w":-0.9979321360588074},"size":7.234018802642822,"orthographic":false}