{"cameraMode":{"drawMode":0,"name":"Shaded","section":"Shading Mode"},"sceneLighting":true,"audioPlay":false,"sceneViewState":{"showFog":true,"showMaterialUpdate":false,"showSkybox":true,"showFlares":true,"showImageEffects":true,"showParticleSystems":true},"in2DMode":false,"pivot":{"x":28.659778594970704,"y":10.228120803833008,"z":58.98501968383789},"rotation":{"x":-0.09602133929729462,"y":-0.048592932522296908,"z":0.005724303890019655,"w":-0.9944366216659546},"size":13.372476577758789,"orthographic":false}