{"cameraMode":{"drawMode":0,"name":"Shaded","section":"Shading Mode"},"sceneLighting":true,"audioPlay":false,"sceneViewState":{"showFog":true,"showMaterialUpdate":false,"showSkybox":true,"showFlares":true,"showImageEffects":true,"showParticleSystems":true},"in2DMode":false,"pivot":{"x":31.752307891845704,"y":0.8400487899780273,"z":72.06060028076172},"rotation":{"x":0.4809972643852234,"y":0.004859146196395159,"z":-0.0038723773322999479,"w":0.8777183890342712},"size":15.342041969299317,"orthographic":false}