{"cameraMode":{"drawMode":0,"name":"Shaded","section":"Shading Mode"},"sceneLighting":false,"audioPlay":false,"sceneViewState":{"showFog":true,"showMaterialUpdate":false,"showSkybox":false,"showFlares":true,"showImageEffects":true,"showParticleSystems":true},"in2DMode":false,"pivot":{"x":0.005096912384033203,"y":1.4532690048217774,"z":-0.1859220266342163},"rotation":{"x":-0.2480270117521286,"y":-0.10951893776655197,"z":0.02852543815970421,"w":-0.9622066617012024},"size":7.728394508361816,"orthographic":false}