{"cameraMode":{"drawMode":0,"name":"Shaded","section":"Shading Mode"},"sceneLighting":true,"audioPlay":false,"sceneViewState":{"showFog":true,"showMaterialUpdate":false,"showSkybox":true,"showFlares":true,"showImageEffects":true,"showParticleSystems":true},"in2DMode":false,"pivot":{"x":-22.095592498779298,"y":-42.48506164550781,"z":61.78916931152344},"rotation":{"x":-0.4429563879966736,"y":0.07037729024887085,"z":-0.02926516719162464,"w":-0.8947224020957947},"size":105.66899108886719,"orthographic":false}