{"cameraMode":{"drawMode":0,"name":"Shaded","section":"Shading Mode"},"sceneLighting":true,"audioPlay":false,"sceneViewState":{"showFog":true,"showMaterialUpdate":false,"showSkybox":true,"showFlares":true,"showImageEffects":true,"showParticleSystems":true},"in2DMode":false,"pivot":{"x":-6.520970344543457,"y":2.843369483947754,"z":6.868070125579834},"rotation":{"x":-0.0016862950287759305,"y":-0.27811798453330996,"z":0.0006927157519385219,"w":-0.9607939720153809},"size":8.898833274841309,"orthographic":false}