{"cameraMode":{"drawMode":0,"name":"Shaded","section":"Shading Mode"},"sceneLighting":true,"audioPlay":false,"sceneViewState":{"showFog":true,"showMaterialUpdate":false,"showSkybox":true,"showFlares":true,"showImageEffects":true,"showParticleSystems":true},"in2DMode":false,"pivot":{"x":-0.47501420974731448,"y":4.6968674659729,"z":8.743382453918457},"rotation":{"x":0.13863986730575562,"y":0.4131516218185425,"z":-0.06416978687047959,"w":0.8981682658195496},"size":13.662555694580079,"orthographic":false}