{"cameraMode":{"drawMode":0,"name":"Shaded","section":"Shading Mode"},"sceneLighting":true,"audioPlay":false,"sceneViewState":{"showFog":true,"showMaterialUpdate":false,"showSkybox":true,"showFlares":true,"showImageEffects":true,"showParticleSystems":true},"in2DMode":false,"pivot":{"x":0.35000038146972659,"y":5.880000114440918,"z":-6.099998474121094},"rotation":{"x":0.014330810867249966,"y":0.6886346340179443,"z":0.014960719272494316,"w":-0.7251799702644348},"size":22.0,"orthographic":false}