{"cameraMode":{"drawMode":0,"name":"Shaded","section":"Shading Mode"},"sceneLighting":true,"audioPlay":false,"sceneViewState":{"showFog":true,"showMaterialUpdate":false,"showSkybox":false,"showFlares":true,"showImageEffects":true,"showParticleSystems":true},"in2DMode":false,"pivot":{"x":-14.880000114440918,"y":14.290624618530274,"z":68.33999633789063},"rotation":{"x":0.1413978487253189,"y":-0.18898475170135499,"z":0.02710133232176304,"w":0.9724259376525879},"size":12.838407516479493,"orthographic":false}